{"accuracy": 0.7833284383093477, "classification_report": {"All Electronics": {"precision": 0.5009671179883946, "recall": 0.3266078184110971, "f1-score": 0.39541984732824426, "support": 1586.0}, "Amazon Fashion": {"precision": 0.9292983395822174, "recall": 0.9676519799219185, "f1-score": 0.9480874316939891, "support": 1793.0}, "Amazon Home": {"precision": 0.6770678553739475, "recall": 0.6384866884633349, "f1-score": 0.6572115384615385, "support": 2141.0}, "Arts, Crafts & Sewing": {"precision": 0.7490654205607477, "recall": 0.7363344051446945, "f1-score": 0.7426453555709984, "support": 2177.0}, "Automotive": {"precision": 0.793261231281198, "recall": 0.8656377666817976, "f1-score": 0.827870631647493, "support": 2203.0}, "Books": {"precision": 0.9464201043148411, "recall": 0.9550239234449761, "f1-score": 0.950702548225768, "support": 2090.0}, "Camera & Photo": {"precision": 0.7658227848101266, "recall": 0.7693006357856494, "f1-score": 0.767557770729497, "support": 1101.0}, "Cell Phones & Accessories": {"precision": 0.7766233766233767, "recall": 0.8384744812114414, "f1-score": 0.8063646170442287, "support": 1783.0}, "Computers": {"precision": 0.6860782529572339, "recall": 0.7483870967741936, "f1-score": 0.7158794208402564, "support": 2015.0}, "Digital Music": {"precision": 0.9072847682119205, "recall": 0.9448275862068966, "f1-score": 0.9256756756756757, "support": 1450.0}, "Grocery": {"precision": 0.975268315445637, "recall": 0.9928741092636579, "f1-score": 0.9839924670433146, "support": 2105.0}, "Health & Personal Care": {"precision": 0.5480225988700564, "recall": 0.45754716981132076, "f1-score": 0.4987146529562982, "support": 424.0}, "Home Audio & Theater": {"precision": 0.565625, "recall": 0.5419161676646707, "f1-score": 0.5535168195718655, "support": 1002.0}, "Industrial & Scientific": {"precision": 0.722011898323418, "recall": 0.8018018018018018, "f1-score": 0.7598178713716562, "support": 1665.0}, "Movies & TV": {"precision": 0.8997809419496167, "recall": 0.9037403740374037, "f1-score": 0.9017563117453348, "support": 1818.0}, "Musical Instruments": {"precision": 0.8194706994328923, "recall": 0.8057620817843866, "f1-score": 0.8125585754451734, "support": 1076.0}, "Office Products": {"precision": 0.7120930232558139, "recall": 0.7120930232558139, "f1-score": 0.7120930232558139, "support": 2150.0}, "Pet Supplies": {"precision": 0.885178676039836, "recall": 0.8759420289855072, "f1-score": 0.8805361305361306, "support": 1725.0}, "Sports & Outdoors": {"precision": 0.7451078775715002, "recall": 0.7054631828978623, "f1-score": 0.7247437774524158, "support": 2105.0}, "Tools & Home Improvement": {"precision": 0.6824989302524604, "recall": 0.7149260421335724, "f1-score": 0.6983362521891419, "support": 2231.0}, "Toys & Games": {"precision": 0.7754419493549929, "recall": 0.7510411846367423, "f1-score": 0.763046544428773, "support": 2161.0}, "Video Games": {"precision": 0.856929955290611, "recall": 0.8819018404907976, "f1-score": 0.8692365835222978, "support": 652.0}, "accuracy": 0.7833284383093477, "macro avg": {"precision": 0.7690599598859472, "recall": 0.76980642676407, "f1-score": 0.7679892657607229, "support": 37453.0}, "weighted avg": {"precision": 0.7782502178359852, "recall": 0.7833284383093477, "f1-score": 0.7794990802040167, "support": 37453.0}}, "confusion_matrix": [[518, 4, 11, 5, 26, 0, 98, 157, 340, 1, 0, 4, 211, 24, 2, 32, 73, 4, 13, 38, 11, 14], [0, 1735, 5, 3, 2, 0, 0, 2, 3, 0, 0, 1, 0, 0, 0, 0, 2, 1, 39, 0, 0, 0], [4, 3, 1367, 140, 53, 5, 7, 8, 7, 1, 7, 30, 2, 26, 7, 11, 80, 50, 60, 181, 90, 2], [3, 10, 120, 1603, 26, 7, 7, 5, 7, 1, 0, 10, 1, 32, 1, 8, 163, 12, 42, 61, 57, 1], [2, 1, 27, 13, 1907, 0, 4, 9, 5, 1, 0, 2, 4, 37, 1, 12, 20, 6, 59, 70, 22, 1], [0, 2, 0, 2, 3, 1996, 0, 4, 0, 15, 0, 0, 0, 1, 59, 1, 2, 0, 1, 0, 3, 1], [56, 1, 6, 10, 13, 0, 847, 22, 30, 0, 0, 2, 25, 15, 2, 7, 14, 5, 16, 25, 5, 0], [48, 2, 7, 7, 19, 1, 15, 1495, 80, 1, 0, 5, 42, 5, 1, 4, 16, 4, 9, 5, 10, 7], [128, 2, 9, 7, 16, 5, 23, 115, 1508, 1, 0, 0, 52, 14, 0, 12, 33, 1, 18, 32, 13, 26], [0, 0, 0, 0, 1, 11, 0, 0, 0, 1370, 0, 0, 0, 2, 62, 0, 0, 1, 0, 0, 2, 1], [0, 0, 6, 0, 0, 0, 0, 0, 0, 0, 2090, 6, 0, 1, 0, 0, 1, 1, 0, 0, 0, 0], [5, 9, 14, 9, 4, 5, 3, 8, 2, 2, 35, 194, 0, 77, 2, 0, 17, 10, 10, 3, 15, 0], [150, 0, 7, 4, 9, 0, 23, 34, 94, 1, 0, 2, 543, 19, 1, 43, 12, 1, 5, 47, 6, 1], [10, 4, 30, 23, 26, 3, 6, 4, 8, 0, 7, 32, 7, 1335, 2, 3, 42, 6, 19, 81, 16, 1], [0, 0, 0, 2, 2, 56, 0, 0, 0, 99, 0, 1, 0, 0, 1643, 4, 0, 2, 2, 0, 2, 5], [24, 1, 11, 3, 13, 2, 12, 7, 20, 4, 0, 0, 36, 18, 1, 867, 4, 2, 15, 20, 15, 1], [44, 4, 82, 107, 24, 9, 11, 19, 52, 3, 0, 18, 8, 49, 4, 12, 1531, 15, 34, 63, 56, 5], [2, 2, 56, 15, 11, 1, 2, 0, 1, 1, 4, 7, 2, 10, 1, 2, 9, 1511, 28, 25, 35, 0], [4, 73, 65, 45, 109, 0, 18, 21, 8, 0, 0, 17, 6, 43, 3, 13, 28, 29, 1485, 70, 66, 2], [22, 3, 107, 64, 86, 0, 24, 9, 16, 0, 0, 5, 16, 129, 2, 12, 36, 9, 76, 1595, 20, 0], [7, 11, 88, 78, 52, 6, 6, 5, 4, 4, 0, 18, 2, 12, 21, 14, 66, 37, 59, 20, 1623, 28], [7, 0, 1, 0, 2, 2, 0, 1, 13, 5, 0, 0, 3, 0, 11, 1, 1, 0, 3, 1, 26, 575]], "roc_auc": 0.9783670113021136}