{"accuracy": 0.7660801537927536, "classification_report": {"All Electronics": {"precision": 0.4491803278688525, "recall": 0.25914249684741486, "f1-score": 0.3286685325869652, "support": 1586.0}, "Amazon Fashion": {"precision": 0.9326871297792138, "recall": 0.965978806469604, "f1-score": 0.949041095890411, "support": 1793.0}, "Amazon Home": {"precision": 0.670606372045221, "recall": 0.609528257823447, "f1-score": 0.6386102275507707, "support": 2141.0}, "Arts, Crafts & Sewing": {"precision": 0.738366571699905, "recall": 0.7142857142857143, "f1-score": 0.7261265468129816, "support": 2177.0}, "Automotive": {"precision": 0.7971014492753623, "recall": 0.8488424875170223, "f1-score": 0.8221587162013629, "support": 2203.0}, "Books": {"precision": 0.9482262703739214, "recall": 0.9464114832535885, "f1-score": 0.9473180076628352, "support": 2090.0}, "Camera & Photo": {"precision": 0.7035541195476576, "recall": 0.7910990009082652, "f1-score": 0.7447627191107311, "support": 1101.0}, "Cell Phones & Accessories": {"precision": 0.7700787401574803, "recall": 0.8227706113292205, "f1-score": 0.7955531453362256, "support": 1783.0}, "Computers": {"precision": 0.6939970717423133, "recall": 0.7057071960297767, "f1-score": 0.6998031496062992, "support": 2015.0}, "Digital Music": {"precision": 0.910857908847185, "recall": 0.9372413793103448, "f1-score": 0.9238613188307274, "support": 1450.0}, "Grocery": {"precision": 0.9829464708668877, "recall": 0.9857482185273159, "f1-score": 0.9843453510436433, "support": 2105.0}, "Health & Personal Care": {"precision": 0.3268983268983269, "recall": 0.5990566037735849, "f1-score": 0.42298084929225643, "support": 424.0}, "Home Audio & Theater": {"precision": 0.4826472962066182, "recall": 0.5968063872255489, "f1-score": 0.533690316822847, "support": 1002.0}, "Industrial & Scientific": {"precision": 0.721850613154961, "recall": 0.7777777777777778, "f1-score": 0.7487713211910957, "support": 1665.0}, "Movies & TV": {"precision": 0.888585472419443, "recall": 0.894939493949395, "f1-score": 0.8917511647026582, "support": 1818.0}, "Musical Instruments": {"precision": 0.7595385980479148, "recall": 0.7955390334572491, "f1-score": 0.7771221062187925, "support": 1076.0}, "Office Products": {"precision": 0.7028985507246377, "recall": 0.6767441860465117, "f1-score": 0.6895734597156398, "support": 2150.0}, "Pet Supplies": {"precision": 0.8743424897720631, "recall": 0.8672463768115942, "f1-score": 0.8707799767171129, "support": 1725.0}, "Sports & Outdoors": {"precision": 0.7388174807197944, "recall": 0.6826603325415677, "f1-score": 0.7096296296296296, "support": 2105.0}, "Tools & Home Improvement": {"precision": 0.6916319926028663, "recall": 0.6705513222770059, "f1-score": 0.6809285389167046, "support": 2231.0}, "Toys & Games": {"precision": 0.7776104417670683, "recall": 0.7167977788061083, "f1-score": 0.7459667710089092, "support": 2161.0}, "Video Games": {"precision": 0.7755644090305445, "recall": 0.8957055214723927, "f1-score": 0.8313167259786477, "support": 652.0}, "accuracy": 0.7660801537927536, "macro avg": {"precision": 0.7426358228885562, "recall": 0.7618445666563841, "f1-score": 0.7483072577648748, "support": 37453.0}, "weighted avg": {"precision": 0.7652853133766061, "recall": 0.7660801537927536, "f1-score": 0.7634128469567429, "support": 37453.0}}, "confusion_matrix": [[411, 3, 10, 4, 19, 0, 130, 153, 324, 1, 0, 20, 308, 22, 4, 33, 78, 4, 7, 29, 6, 20], [0, 1732, 6, 4, 1, 1, 1, 2, 2, 0, 0, 2, 0, 0, 0, 0, 3, 2, 35, 0, 2, 0], [6, 4, 1305, 155, 57, 3, 12, 9, 9, 0, 5, 65, 8, 30, 6, 16, 81, 46, 62, 164, 95, 3], [2, 4, 113, 1555, 28, 5, 11, 5, 10, 0, 0, 49, 2, 26, 1, 11, 167, 14, 46, 67, 59, 2], [10, 0, 23, 20, 1870, 0, 12, 4, 3, 0, 0, 15, 13, 38, 1, 14, 18, 7, 63, 69, 21, 2], [3, 2, 1, 1, 2, 1978, 1, 2, 0, 13, 0, 4, 0, 2, 70, 2, 2, 0, 1, 0, 3, 3], [52, 1, 1, 12, 12, 0, 871, 19, 16, 0, 0, 7, 30, 15, 1, 12, 10, 2, 16, 20, 3, 1], [51, 2, 4, 8, 13, 1, 22, 1467, 80, 0, 0, 19, 54, 5, 1, 4, 16, 3, 10, 4, 11, 8], [131, 2, 10, 5, 14, 8, 31, 134, 1422, 1, 0, 8, 87, 18, 0, 16, 38, 2, 18, 23, 8, 39], [0, 0, 0, 0, 1, 8, 0, 0, 0, 1359, 0, 0, 0, 2, 70, 3, 0, 1, 0, 0, 3, 3], [0, 0, 7, 0, 0, 1, 0, 0, 0, 0, 2075, 18, 0, 0, 0, 0, 0, 2, 1, 0, 1, 0], [4, 8, 11, 4, 2, 6, 3, 3, 2, 2, 22, 254, 0, 56, 2, 2, 13, 7, 7, 3, 12, 1], [112, 0, 3, 3, 6, 0, 32, 39, 73, 0, 0, 11, 598, 10, 0, 53, 12, 1, 5, 37, 4, 3], [7, 4, 32, 17, 24, 3, 8, 3, 14, 2, 3, 91, 12, 1295, 2, 9, 38, 4, 15, 70, 11, 1], [1, 0, 0, 2, 1, 55, 0, 0, 0, 103, 0, 4, 0, 1, 1627, 4, 0, 3, 3, 0, 2, 12], [23, 1, 8, 6, 11, 2, 13, 6, 14, 2, 0, 3, 64, 17, 1, 856, 4, 1, 15, 15, 11, 3], [51, 4, 80, 109, 21, 8, 27, 22, 43, 3, 1, 57, 17, 60, 4, 17, 1455, 16, 35, 57, 55, 8], [2, 2, 52, 14, 15, 1, 2, 1, 1, 0, 4, 25, 1, 8, 2, 6, 8, 1496, 30, 21, 34, 0], [8, 75, 64, 44, 96, 0, 26, 18, 9, 0, 1, 58, 6, 35, 3, 24, 24, 38, 1437, 70, 65, 4], [28, 3, 130, 66, 87, 0, 26, 9, 14, 1, 0, 19, 31, 144, 2, 23, 39, 15, 81, 1496, 15, 2], [10, 10, 85, 77, 63, 6, 10, 7, 4, 1, 0, 47, 5, 10, 23, 19, 63, 47, 54, 17, 1549, 54], [3, 0, 1, 0, 3, 0, 0, 2, 9, 4, 0, 1, 3, 0, 11, 3, 1, 0, 4, 1, 22, 584]], "roc_auc": 0.9706722584641102}